num__income,num__name_email_similarity,num__prev_address_months_count,num__current_address_months_count,num__customer_age,num__days_since_request,num__intended_balcon_amount,num__zip_count_4w,num__velocity_6h,num__velocity_24h,num__velocity_4w,num__bank_branch_count_8w,num__date_of_birth_distinct_emails_4w,num__credit_risk_score,num__email_is_free,num__phone_home_valid,num__phone_mobile_valid,num__bank_months_count,num__has_other_cards,num__proposed_credit_limit,num__foreign_request,num__session_length_in_minutes,num__keep_alive_session,num__device_distinct_emails_8w,num__device_fraud_count,num__month,cat__payment_type_AA,cat__payment_type_AB,cat__payment_type_AC,cat__payment_type_AD,cat__employment_status_CA,cat__employment_status_CB,cat__employment_status_CC,cat__employment_status_CD,cat__employment_status_CF,cat__housing_status_BA,cat__housing_status_BB,cat__housing_status_BC,cat__housing_status_BD,cat__housing_status_BE,cat__source_INTERNET,cat__source_TELEAPP,cat__device_os_linux,cat__device_os_macintosh,cat__device_os_other,cat__device_os_windows,cat__device_os_x11
-1.0453166124735984,1.8141744445731822,-0.26685783438917954,-0.6112528628589532,0.5328379311113908,-0.22479524657308123,4.417563855351856,-0.942387460446293,1.8487012330787405,1.587623571421957,0.8198961140414834,-0.38248375918940175,-1.0877696915629478,0.7064613710951438,0.75,-0.960768922830523,0.36927447293799814,-0.6129273800537192,-0.3692744729379982,1.689724755693462,-0.2294157338705618,0.8162123712443747,0.6546536707079773,-0.16552117772047373,0.0,0.0,1.0,0.0,0.0,0.0,0.0,1.0,0.0,0.0,0.0,0.0,0.0,1.0,0.0,0.0,1.0,0.0,1.0,0.0,0.0,0.0,0.0
0.7204209085966695,0.5672068522607083,-0.26685783438917954,0.025365253055985824,-1.0577230572808198,-0.22392310915407307,-0.5479435630268502,-0.4741524439749728,0.5507788586433691,-0.1826944133440116,-0.41487024412139634,-0.3877655897381748,1.2457296467734087,0.5766236676061446,0.75,1.0408329997330665,0.36927447293799814,-1.2532992696620824,-0.3692744729379982,1.689724755693462,-0.2294157338705618,-0.671112949713499,0.6546536707079773,-0.16552117772047373,0.0,0.0,0.0,0.0,0.0,1.0,1.0,0.0,0.0,0.0,0.0,0.0,0.0,1.0,0.0,0.0,1.0,0.0,0.0,0.0,1.0,0.0,0.0
0.7204209085966695,1.8486383665107016,-0.8137910560237064,-0.7206716015318333,0.5328379311113908,-0.22334650098904113,-0.5787467406539046,-0.9142464577869148,-1.0417534902348609,-0.4124330979641719,-0.3363640704711868,-0.3560746064455364,-0.010769996946167888,-0.3610930798144058,0.75,-0.960768922830523,0.36927447293799814,1.308188288771371,-0.3692744729379982,-0.6824590265975754,-0.2294157338705618,1.5685740517913243,-1.5275252316519468,-0.16552117772047373,0.0,0.0,0.0,1.0,0.0,0.0,1.0,0.0,0.0,0.0,0.0,0.0,0.0,1.0,0.0,0.0,1.0,0.0,0.0,0.0,0.0,1.0,0.0
0.014125900168562546,0.08634677304556065,-0.7682132875541624,-0.7206716015318333,-0.26244256308471453,-0.22472893673534564,-0.5966621465597454,0.9524400519518372,2.2964372995327613,0.6665162088080289,-0.37063924522086084,-0.36663826754308254,0.34822990125942543,-0.34666666831562815,0.75,-0.960768922830523,0.36927447293799814,-1.3447809681775629,-0.3692744729379982,-0.6824590265975754,-0.2294157338705618,0.6995221395574961,0.6546536707079773,-0.16552117772047373,0.0,0.0,0.0,1.0,0.0,0.0,1.0,0.0,0.0,0.0,0.0,0.0,0.0,1.0,0.0,0.0,1.0,0.0,1.0,0.0,0.0,0.0,0.0
1.073568412810723,1.3269848863563174,-0.26685783438917954,-0.5714642306142695,0.5328379311113908,1.2641676443765666,1.7593846363328642,0.05818152299826424,0.007254719545076775,-0.704956723802781,-0.41630591294910835,-0.3930474202869479,-0.9082697424601511,-0.33224025681685043,-1.3333333333333335,1.0408329997330665,0.36927447293799814,0.942261494709449,-0.3692744729379982,-0.6824590265975754,-0.2294157338705618,-0.6272605578489835,-1.5275252316519468,-0.16552117772047373,0.0,0.0,1.0,0.0,0.0,0.0,1.0,0.0,0.0,0.0,0.0,0.0,0.0,1.0,0.0,0.0,1.0,0.0,0.0,0.0,1.0,0.0,0.0
0.014125900168562546,-0.5226744356126335,-0.26685783438917954,2.810569510183844,-0.26244256308471453,-0.22025338215167134,-0.5663535848744344,-0.8290417552904642,1.3328907866734012,1.2984109708966354,0.42010665966765753,1.4661569328811719,-1.0877696915629478,0.28809543763059065,0.75,1.0408329997330665,0.36927447293799814,1.308188288771371,-0.3692744729379982,-0.6824590265975754,-0.2294157338705618,-0.25207315655030266,0.6546536707079773,-0.16552117772047373,0.0,0.0,0.0,0.0,0.0,1.0,0.0,1.0,0.0,0.0,0.0,0.0,0.0,0.0,0.0,1.0,1.0,0.0,1.0,0.0,0.0,0.0,0.0
-1.398464116687652,1.0931148955921708,-0.517535560971671,-0.8201431821435425,0.5328379311113908,-0.22474748967498662,-0.5332890745641375,-0.2083763077475123,1.3888722955463195,1.5988238270904809,0.19777149781728248,-0.32174270787851145,-0.5492698442545578,-0.6063420752936267,0.75,1.0408329997330665,0.36927447293799814,-1.3447809681775629,-0.3692744729379982,-0.6824590265975754,-0.2294157338705618,2.201085473751521,0.6546536707079773,-0.16552117772047373,0.0,0.0,0.0,1.0,0.0,0.0,1.0,0.0,0.0,0.0,0.0,0.0,0.0,1.0,0.0,0.0,1.0,0.0,0.0,0.0,0.0,0.0,1.0
0.7204209085966695,-0.9989192749212186,-0.26685783438917954,0.16462546591237873,0.5328379311113908,-0.21483062069310824,-0.5600389007028146,-0.5601388409897394,-0.864770388683845,-1.2070254135360179,0.3335123908376468,-0.3798428439150152,-0.7287697933573545,0.7064613710951438,-1.3333333333333335,1.0408329997330665,0.36927447293799814,0.8507797961939685,2.7080128015453204,-0.6824590265975754,-0.2294157338705618,0.23907056160527165,0.6546536707079773,-0.16552117772047373,0.0,0.0,0.0,1.0,0.0,0.0,1.0,0.0,0.0,0.0,0.0,0.0,0.0,0.0,0.0,1.0,1.0,0.0,0.0,0.0,1.0,0.0,0.0
-1.0453166124735984,0.2503927888120295,-0.540324445206443,-0.8400374982658844,-0.26244256308471453,-0.21740472502324096,-0.5530476473054516,-0.3780040182220974,-0.20104203048595878,-1.3677521609565555,0.6392161626915215,-0.39040650501256136,-0.19026994604896452,-1.1401193007484016,-1.3333333333333335,1.0408329997330665,-2.70801280154532,-1.2532992696620824,-0.3692744729379982,-0.6824590265975754,-0.2294157338705618,-0.4438064186471631,0.6546536707079773,-0.16552117772047373,0.0,0.0,0.0,1.0,0.0,0.0,1.0,0.0,0.0,0.0,0.0,0.0,0.0,1.0,0.0,0.0,1.0,0.0,0.0,0.0,1.0,0.0,0.0
0.7204209085966695,1.3005230013559388,-0.26685783438917954,0.47298736580867734,-1.0577230572808198,-0.2220672110421954,-0.5723060934337425,0.6632130801748949,-0.010011635306840808,0.2617722984263435,0.157970468278246,-0.35871552171992294,1.604729544979002,1.2546650080486965,0.75,1.0408329997330665,0.36927447293799814,-0.06403718896083627,-0.3692744729379982,1.689724755693462,-0.2294157338705618,-0.585521296846702,0.6546536707079773,-0.16552117772047373,0.0,0.0,0.0,0.0,0.0,1.0,1.0,0.0,0.0,0.0,0.0,0.0,0.0,0.0,1.0,0.0,1.0,0.0,0.0,0.0,1.0,0.0,0.0
1.073568412810723,0.08605934978638113,-0.26685783438917954,-0.19347222428977445,1.3281184253074962,-0.22442490162261072,-0.5526593628646431,0.573318210568548,-0.04280627731829744,0.0538627745686058,0.147070050791868,-0.36663826754308254,-0.3697698951517612,1.0094160125694756,-1.3333333333333335,1.0408329997330665,0.36927447293799814,-1.3447809681775629,-0.3692744729379982,1.689724755693462,-0.2294157338705618,-0.7256246694285943,0.6546536707079773,-0.16552117772047373,0.0,0.0,0.0,1.0,0.0,0.0,1.0,0.0,0.0,0.0,0.0,1.0,0.0,0.0,0.0,0.0,1.0,0.0,0.0,0.0,1.0,0.0,0.0
0.7204209085966695,-0.393706426165348,-0.26685783438917954,-0.7206716015318333,0.5328379311113908,-0.2264638183672946,2.04556737610705,0.0706886352913212,-0.6682860554961221,0.3522215057817582,0.280405072475634,-0.39040650501256136,-0.9082697424601511,0.316948260628146,-1.3333333333333335,-0.960768922830523,0.36927447293799814,-0.06403718896083627,-0.3692744729379982,1.689724755693462,-0.2294157338705618,2.7456480217125048,0.6546536707079773,-0.16552117772047373,0.0,0.0,1.0,0.0,0.0,0.0,1.0,0.0,0.0,0.0,0.0,1.0,0.0,0.0,0.0,0.0,1.0,0.0,0.0,0.0,1.0,0.0,0.0
-1.7516116209017056,1.0740139934234116,-0.26685783438917954,-0.5217284403084149,-1.0577230572808198,-0.22100243279732576,-0.5393060898386388,0.1769990897823054,-0.310793585741959,0.637358207228719,-0.34491656517036784,1.431825034314147,1.9637294431845953,-0.4332251373082943,0.75,-0.960768922830523,0.36927447293799814,1.308188288771371,-0.3692744729379982,-0.6824590265975754,-0.2294157338705618,-0.5744470989906089,-1.5275252316519468,3.9725082652913657,0.0,0.0,0.0,1.0,0.0,0.0,1.0,0.0,0.0,0.0,0.0,0.0,0.0,0.0,0.0,1.0,1.0,0.0,0.0,0.0,1.0,0.0,0.0
1.073568412810723,1.4073332871987665,-0.26685783438917954,-0.5316755983695858,-0.26244256308471453,-0.2175458047558638,-0.5539846226143946,-0.7938655019662415,1.0613032216830158,-0.671881299479809,0.8084525176306773,-0.3481518606223768,-0.5492698442545578,0.12940491114403593,-1.3333333333333335,1.0408329997330665,0.36927447293799814,1.308188288771371,-0.3692744729379982,1.689724755693462,-0.2294157338705618,1.3230188456266028,-1.5275252316519468,-0.16552117772047373,0.0,0.0,0.0,0.0,0.0,1.0,1.0,0.0,0.0,0.0,0.0,1.0,0.0,0.0,0.0,0.0,1.0,0.0,0.0,1.0,0.0,0.0,0.0
1.073568412810723,-1.3410522164914243,-0.26685783438917954,0.6918248431544376,-0.26244256308471453,-0.2198827604138033,-0.5825814913187171,-0.4530466919804392,0.9057435675181544,1.2917849678358024,0.8866750780495055,-0.32174270787851145,0.8867297485678154,-0.3755194913131835,0.75,-0.960768922830523,0.36927447293799814,-1.3447809681775629,-0.3692744729379982,-0.6824590265975754,-0.2294157338705618,-0.32877727847558236,0.6546536707079773,-0.16552117772047373,0.0,0.0,0.0,0.0,0.0,1.0,0.0,1.0,0.0,0.0,0.0,1.0,0.0,0.0,0.0,0.0,1.0,0.0,1.0,0.0,0.0,0.0,0.0
1.073568412810723,0.2404716238525996,-0.26685783438917954,-0.5515699144919277,1.3281184253074962,-0.22505638955181723,-0.5555705082507086,-1.3035303279083128,-1.6092673398528097,0.03376744381588243,0.142665641722276,-0.363997352268696,2.6817292395957817,-0.4909307833034051,0.75,-0.960768922830523,0.36927447293799814,-0.5214456815382387,-0.3692744729379982,-0.6824590265975754,-0.2294157338705618,-0.6285416422569742,0.6546536707079773,-0.16552117772047373,0.0,0.0,0.0,0.0,1.0,0.0,1.0,0.0,0.0,0.0,0.0,0.0,0.0,1.0,0.0,0.0,1.0,0.0,1.0,0.0,0.0,0.0,0.0
0.7204209085966695,-1.105381064529454,-0.26685783438917954,-0.6609886531648078,-0.26244256308471453,-0.2204506374998002,-0.5494859956357894,-0.47649752752992103,-0.957863470273551,-1.9198978118826484,0.2625036985241863,-0.3270245384272845,0.7072297994650187,0.05727285365014745,-1.3333333333333335,-0.960768922830523,-2.70801280154532,1.308188288771371,-0.3692744729379982,-0.6824590265975754,-0.2294157338705618,-0.1538166524978471,0.6546536707079773,-0.16552117772047373,0.0,0.0,0.0,0.0,0.0,1.0,1.0,0.0,0.0,0.0,0.0,0.0,0.0,1.0,0.0,0.0,1.0,0.0,0.0,0.0,0.0,1.0,0.0
0.014125900168562546,0.11271930734333337,-0.26685783438917954,-0.4819398080637312,0.5328379311113908,-0.21669884623157065,-0.5549163305372468,0.39821863846575045,-0.6324985784693741,-0.725246519658853,0.7653209305719321,-0.3930474202869479,-0.19026994604896452,0.33137467212692373,0.75,-0.960768922830523,0.36927447293799814,-0.06403718896083627,-0.3692744729379982,-0.6824590265975754,-0.2294157338705618,-0.5413032358145585,0.6546536707079773,-0.16552117772047373,0.0,0.0,0.0,0.0,1.0,0.0,1.0,0.0,0.0,0.0,0.0,0.0,0.0,1.0,0.0,0.0,1.0,0.0,0.0,0.0,1.0,0.0,0.0
-1.398464116687652,0.26423214682643026,-0.7226355190846185,0.27404420458525885,-1.0577230572808198,-0.22572039884607314,-0.5478856844148874,1.6606552855461878,1.5672538777742093,-0.48056422865014337,0.1852179207567184,4.460954854035502,1.2457296467734087,-0.9381495397655137,-1.3333333333333335,1.0408329997330665,0.36927447293799814,-0.06403718896083627,-0.3692744729379982,-0.6824590265975754,-0.2294157338705618,-0.7319034747814557,0.6546536707079773,3.9725082652913657,0.0,0.0,0.0,1.0,0.0,0.0,1.0,0.0,0.0,0.0,0.0,0.0,1.0,0.0,0.0,0.0,1.0,0.0,0.0,0.0,0.0,1.0,0.0
-0.3390216040454913,0.7612854715664316,-0.26685783438917954,2.840410984367357,-0.26244256308471453,-0.22539988774841033,0.9493779255755004,-0.15287599694707205,1.5249323651431177,0.9255795450969777,0.866544379590898,3.803366950713255,-0.010769996946167888,2.2212345784668024,0.75,1.0408329997330665,0.36927447293799814,0.8507797961939685,-0.3692744729379982,1.689724755693462,-0.2294157338705618,-0.3273427502822013,0.6546536707079773,-0.16552117772047373,0.0,0.0,1.0,0.0,0.0,0.0,1.0,0.0,0.0,0.0,0.0,0.0,0.0,0.0,0.0,1.0,1.0,0.0,0.0,0.0,1.0,0.0,0.0
0.367273404382616,0.9545949489993922,-0.26685783438917954,-0.32278527908499643,-0.26244256308471453,-0.22372978291478685,1.6077677379711062,-0.15991124761191658,-0.09202024996442427,1.2989082457373524,0.16454561412610905,-0.3930474202869479,0.34822990125942543,-0.7217533672838483,0.75,1.0408329997330665,0.36927447293799814,1.12522489174041,-0.3692744729379982,-0.6824590265975754,-0.2294157338705618,-0.8719055731317586,0.6546536707079773,-0.16552117772047373,0.0,0.0,1.0,0.0,0.0,0.0,0.0,1.0,0.0,0.0,0.0,0.0,0.0,1.0,0.0,0.0,1.0,0.0,1.0,0.0,0.0,0.0,0.0
-1.7516116209017056,-0.07067277732210275,-0.26685783438917954,-0.2631023307179709,-1.0577230572808198,-0.2220671925757125,-0.5751391025791949,0.9016299082612933,1.24852038111788,-0.11308492109426804,0.9352956631471326,0.6025776381567755,-0.9082697424601511,-0.8948703052691807,-1.3333333333333335,-0.960768922830523,0.36927447293799814,-1.3447809681775629,-0.3692744729379982,-0.6824590265975754,-0.2294157338705618,-0.6597005490089417,0.6546536707079773,-0.16552117772047373,0.0,0.0,0.0,1.0,0.0,0.0,1.0,0.0,0.0,0.0,0.0,0.0,1.0,0.0,0.0,0.0,1.0,0.0,0.0,0.0,1.0,0.0,0.0
-1.7516116209017056,-0.6506060725270086,-0.26685783438917954,-0.4222568596967057,-1.0577230572808198,-0.22460094302403225,-0.5692795048910768,-0.46633549879181224,0.7242876105802015,-0.10157659884494703,-0.3948726149609184,-0.33758819952483066,0.5277298503622221,0.8074462515865878,0.75,-0.960768922830523,-2.70801280154532,-0.06403718896083627,2.7080128015453204,-0.1350319999150283,-0.2294157338705618,-0.7863817431222269,-1.5275252316519468,-0.16552117772047373,0.0,0.0,0.0,0.0,1.0,0.0,1.0,0.0,0.0,0.0,0.0,0.0,0.0,1.0,0.0,0.0,1.0,0.0,1.0,0.0,0.0,0.0,0.0
0.367273404382616,0.0017387007738110007,-0.26685783438917954,-0.5615170725530986,-1.0577230572808198,-0.2162648973129909,-0.5485879100021043,1.5551265255735198,-1.775704034226138,-0.20969630676072923,0.08162947629295864,-0.36663826754308254,0.8867297485678154,-0.8227382477752921,0.75,-0.960768922830523,0.36927447293799814,-1.2532992696620824,-0.3692744729379982,-0.6824590265975754,-0.2294157338705618,-0.5538431692537076,0.6546536707079773,-0.16552117772047373,0.0,0.0,0.0,1.0,0.0,0.0,0.0,1.0,0.0,0.0,0.0,0.0,1.0,0.0,0.0,0.0,1.0,0.0,0.0,0.0,1.0,0.0,0.0
-0.3390216040454913,-0.9149355551514662,-0.4263800240325832,-0.7803545498988589,-0.26244256308471453,-0.21921274814859507,-0.5775816337614185,-0.6695760735539878,-0.7076110893316903,1.3893769511671925,0.9251162187585962,1.149247099954788,0.34822990125942543,-0.5053571948021828,0.75,1.0408329997330665,0.36927447293799814,-1.3447809681775629,-0.3692744729379982,-0.6824590265975754,-0.2294157338705618,-0.7341822980709567,0.6546536707079773,-0.16552117772047373,0.0,0.0,0.0,1.0,0.0,0.0,0.0,1.0,0.0,0.0,0.0,0.0,0.0,1.0,0.0,0.0,1.0,0.0,1.0,0.0,0.0,0.0,0.0
1.073568412810723,-1.1716839253400064,-0.26685783438917954,1.159341272029471,1.3281184253074962,-0.22520069409894414,-0.5389278974323771,0.9289892164023554,0.6716002112182725,1.5181455280117937,0.24942209254438466,-0.3956883355613344,-1.446769589768541,1.1104008930609195,-1.3333333333333335,1.0408329997330665,0.36927447293799814,1.308188288771371,-0.3692744729379982,0.7773463778892169,-0.2294157338705618,0.15194143052036832,0.6546536707079773,-0.16552117772047373,0.0,0.0,0.0,1.0,0.0,0.0,0.0,1.0,0.0,0.0,0.0,0.0,1.0,0.0,0.0,0.0,1.0,0.0,1.0,0.0,0.0,0.0,0.0
-0.6921691082595448,-1.3718545828151287,-0.26685783438917954,-0.7704073918376879,0.5328379311113908,-0.2229896189991014,-0.5610240657696098,1.7161555963466282,1.3006246884185528,1.4837352144573974,0.5886671397762389,-0.3956883355613344,0.7072297994650187,-0.7506061902814037,0.75,1.0408329997330665,0.36927447293799814,1.308188288771371,-0.3692744729379982,-0.6824590265975754,-0.2294157338705618,1.8737897793034037,0.6546536707079773,-0.16552117772047373,0.0,0.0,0.0,1.0,0.0,0.0,1.0,0.0,0.0,0.0,0.0,0.0,0.0,1.0,0.0,0.0,1.0,0.0,1.0,0.0,0.0,0.0,0.0
0.014125900168562546,-1.2347173301844079,-0.26685783438917954,0.17457262397354967,-0.26244256308471453,-0.22356493388078935,-0.5932927711553388,-0.22870036522372988,0.0971427311519719,-0.4164871204882141,0.08992499908812243,-0.324383623152898,0.7072297994650187,-0.014859203843741045,0.75,-0.960768922830523,0.36927447293799814,1.308188288771371,2.7080128015453204,-0.6824590265975754,-0.2294157338705618,-0.5394898091634499,0.6546536707079773,-0.16552117772047373,0.0,0.0,0.0,1.0,0.0,0.0,1.0,0.0,0.0,0.0,0.0,1.0,0.0,0.0,0.0,0.0,1.0,0.0,0.0,1.0,0.0,0.0,0.0
-1.398464116687652,-1.4155612550257035,-0.40359113979781125,-0.7903017079600299,0.5328379311113908,4.998831180854113,-0.5820195100397696,-0.5046385301892992,-0.08281351031953184,0.6149680928243667,0.7232266520013337,-0.35343369117114987,1.4252295958762053,-0.4765043718046274,-1.3333333333333335,-0.960768922830523,-2.70801280154532,-0.5214456815382387,-0.3692744729379982,-0.6824590265975754,-0.2294157338705618,-0.1900875614841797,-1.5275252316519468,-0.16552117772047373,0.0,0.0,0.0,1.0,0.0,0.0,0.0,1.0,0.0,0.0,0.0,0.0,0.0,1.0,0.0,0.0,1.0,0.0,1.0,0.0,0.0,0.0,0.0
1.073568412810723,-0.5984380032783624,-0.26685783438917954,-0.511781282247244,0.5328379311113908,-0.2265311846544113,-0.5362911393941766,-0.016861150760077548,-0.44488936363919196,-0.1981196709564553,0.8917049998048117,-0.3692791828174691,-0.7287697933573545,0.316948260628146,-1.3333333333333335,1.0408329997330665,-2.70801280154532,-0.06403718896083627,-0.3692744729379982,-0.6824590265975754,-0.2294157338705618,-0.7595879378040986,0.6546536707079773,-0.16552117772047373,0.0,0.0,0.0,0.0,0.0,1.0,0.0,1.0,0.0,0.0,0.0,0.0,0.0,0.0,0.0,1.0,1.0,0.0,0.0,0.0,0.0,1.0,0.0
0.7204209085966695,-1.1241085689182209,-0.26685783438917954,1.4577560138645989,0.5328379311113908,-0.06735858647870245,0.39663017653852684,0.3356830770004656,1.0610644476442204,0.055652986956166765,-0.26095686688989306,-0.3798428439150152,-1.446769589768541,-0.7938854247777368,-1.3333333333333335,-0.960768922830523,0.36927447293799814,1.308188288771371,-0.3692744729379982,-0.6824590265975754,-0.2294157338705618,-0.47575760324303934,-1.5275252316519468,-0.16552117772047373,0.0,0.0,1.0,0.0,0.0,0.0,0.0,1.0,0.0,0.0,0.0,0.0,0.0,0.0,0.0,1.0,1.0,0.0,1.0,0.0,0.0,0.0,0.0
0.7204209085966695,0.2978819408549547,-0.26685783438917954,0.8708736882555143,0.5328379311113908,-0.22292075202826592,-0.1512380815239666,-0.06767129445062146,-1.755102545689976,0.523807308516309,0.8449733993071342,-0.3719200980918556,-1.6262695388713377,0.9805631895719201,0.75,1.0408329997330665,0.36927447293799814,1.0337431932249295,2.7080128015453204,1.689724755693462,-0.2294157338705618,-0.8915137042693452,0.6546536707079773,-0.16552117772047373,0.0,0.0,1.0,0.0,0.0,0.0,1.0,0.0,0.0,0.0,0.0,0.0,0.0,1.0,0.0,0.0,1.0,0.0,0.0,0.0,1.0,0.0,0.0
-1.7516116209017056,0.18104843774099058,-0.26685783438917954,1.1096054817236163,-1.0577230572808198,-0.22420034289484478,0.442246230902091,-1.1401561735802561,-0.9346948590846427,1.5948217810324463,0.24813450106258159,-0.39040650501256136,-0.5492698442545578,-1.111266477750846,0.75,-0.960768922830523,0.36927447293799814,-0.5214456815382387,-0.3692744729379982,-0.6824590265975754,-0.2294157338705618,-0.08621919282359412,-1.5275252316519468,-0.16552117772047373,0.0,0.0,1.0,0.0,0.0,0.0,1.0,0.0,0.0,0.0,0.0,0.0,0.0,0.0,0.0,1.0,1.0,0.0,1.0,0.0,0.0,0.0,0.0
-0.3390216040454913,1.1775025544655566,-0.26685783438917954,-0.14373643398391986,0.5328379311113908,-0.2140666690095652,-0.5697992192862958,-1.5427288505130272,-1.6732255088370742,-1.1058870464176824,-4.778556391942088,-0.39040650501256136,-0.7287697933573545,-0.20240255332785112,0.75,1.0408329997330665,0.36927447293799814,-1.3447809681775629,-0.3692744729379982,-0.6824590265975754,-0.2294157338705618,0.6701001132357355,0.6546536707079773,-0.16552117772047373,0.0,0.0,0.0,1.0,0.0,0.0,1.0,0.0,0.0,0.0,0.0,0.0,1.0,0.0,0.0,0.0,1.0,0.0,1.0,0.0,0.0,0.0,0.0
0.7204209085966695,0.9249833530972408,-0.49474667673689904,-0.7704073918376879,-0.26244256308471453,-0.2165661477640392,-0.5919180901563891,-1.098726364109505,1.565005485289792,0.08987748684411877,0.8990577408346189,0.219644923370728,0.5277298503622221,0.6920349595963662,-1.3333333333333335,1.0408329997330665,0.36927447293799814,1.12522489174041,-0.3692744729379982,0.7773463778892169,-0.2294157338705618,-0.914302281968821,0.6546536707079773,-0.16552117772047373,0.0,0.0,0.0,1.0,0.0,0.0,1.0,0.0,0.0,0.0,0.0,0.0,0.0,1.0,0.0,0.0,1.0,0.0,0.0,0.0,0.0,1.0,0.0
-0.3390216040454913,-1.4080999460363013,-0.26685783438917954,-0.5615170725530986,0.5328379311113908,-0.22308125472369125,-0.5674267396948974,0.33177460440888534,-1.3773925434595808,1.1999097847783866,0.12709683017912232,-0.3270245384272845,-0.9082697424601511,0.5477708446085892,0.75,1.0408329997330665,0.36927447293799814,-0.5214456815382387,-0.3692744729379982,-0.6824590265975754,4.358898943540674,0.8809975272552093,-1.5275252316519468,-0.16552117772047373,0.0,0.0,0.0,1.0,0.0,0.0,0.0,1.0,0.0,0.0,0.0,0.0,1.0,0.0,0.0,0.0,1.0,0.0,1.0,0.0,0.0,0.0,0.0
0.7204209085966695,-1.4230866890901746,-0.8365799402584783,-0.8201431821435425,0.5328379311113908,-0.22294200820919155,-0.5576800093963524,-1.3496503044889603,-0.10720906895340843,-2.188774137950336,0.653614016043771,-0.3930474202869479,-0.010769996946167888,0.316948260628146,-1.3333333333333335,-0.960768922830523,0.36927447293799814,-0.06403718896083627,-0.3692744729379982,-0.6824590265975754,-0.2294157338705618,-0.41830841582259143,-1.5275252316519468,-0.16552117772047373,0.0,0.0,0.0,0.0,1.0,0.0,1.0,0.0,0.0,0.0,0.0,0.0,0.0,1.0,0.0,0.0,1.0,0.0,0.0,0.0,1.0,0.0,0.0
0.014125900168562546,1.0923775869298415,1.1688418724014533,0.3735157851969681,0.5328379311113908,-0.22252338815021117,-0.5532407905298419,1.3823720370256705,-0.05623702225233204,0.023652500020398263,0.2509167757881806,-0.3956883355613344,-1.446769589768541,1.8894271139949153,-1.3333333333333335,-0.960768922830523,0.36927447293799814,1.12522489174041,-0.3692744729379982,1.689724755693462,-0.2294157338705618,-0.5272886562786157,0.6546536707079773,-0.16552117772047373,0.0,0.0,0.0,1.0,0.0,0.0,0.0,1.0,0.0,0.0,0.0,1.0,0.0,0.0,0.0,0.0,1.0,0.0,0.0,0.0,1.0,0.0,0.0
0.367273404382616,-1.1997618529071905,-0.4719577925021271,-0.6808829692871496,-1.0577230572808198,-0.22618052783652742,-0.5707326641404971,0.15511164326945573,1.699827103482463,0.659658617115516,0.21280713816216124,-0.38248375918940175,-1.6262695388713377,1.0094160125694756,0.75,1.0408329997330665,0.36927447293799814,1.12522489174041,-0.3692744729379982,-0.1350319999150283,-0.2294157338705618,2.7193117227065744,-1.5275252316519468,-0.16552117772047373,0.0,0.0,1.0,0.0,0.0,0.0,1.0,0.0,0.0,0.0,0.0,0.0,0.0,1.0,0.0,0.0,1.0,0.0,0.0,1.0,0.0,0.0,0.0
0.014125900168562546,-1.4151146492114959,0.0749754291323997,-0.8101960240823717,-1.0577230572808198,-0.2243854094251959,-0.5452332774815185,1.0446800051131324,0.6376630587216361,-0.4985608363799478,0.25109939927561736,-0.38248375918940175,0.8867297485678154,0.40350672962081224,0.75,1.0408329997330665,0.36927447293799814,0.39337130361656614,-0.3692744729379982,-0.1350319999150283,-0.2294157338705618,-0.7014409281515789,0.6546536707079773,-0.16552117772047373,0.0,0.0,0.0,1.0,0.0,0.0,1.0,0.0,0.0,0.0,0.0,0.0,0.0,0.0,0.0,1.0,1.0,0.0,1.0,0.0,0.0,0.0,0.0
1.073568412810723,-0.9779771992342462,0.09776431336717165,-0.7803545498988589,-1.0577230572808198,-0.21808424794684864,4.331820468294897,-1.3113472730914735,0.12150381463568184,0.766233385773941,0.956899003935306,-0.32966545370167105,-0.010769996946167888,-0.00043279234496334737,0.75,-0.960768922830523,0.36927447293799814,-1.3447809681775629,-0.3692744729379982,-0.1350319999150283,-0.2294157338705618,0.5619932947901632,0.6546536707079773,-0.16552117772047373,0.0,0.0,0.0,0.0,0.0,1.0,1.0,0.0,0.0,0.0,0.0,0.0,0.0,1.0,0.0,0.0,1.0,0.0,0.0,0.0,0.0,1.0,0.0
-0.6921691082595448,0.2496087491019781,0.14334208183671554,-0.6709358112259788,-1.0577230572808198,-0.22344291764409113,-0.5569337820644985,-0.761816026715283,-0.11965381391284262,-0.09964705060097694,0.8312378635223291,-0.3719200980918556,1.9637294431845953,-1.0824136547532908,0.75,1.0408329997330665,0.36927447293799814,-1.3447809681775629,-0.3692744729379982,-0.6824590265975754,-0.2294157338705618,-0.48332475121154,0.6546536707079773,-0.16552117772047373,0.0,0.0,0.0,0.0,0.0,1.0,1.0,0.0,0.0,0.0,0.0,0.0,0.0,1.0,0.0,0.0,1.0,0.0,1.0,0.0,0.0,0.0,0.0
1.073568412810723,-0.9971819054510371,-0.26685783438917954,0.7813492657049759,-0.26244256308471453,-0.22331021125748912,-0.5519460375611144,0.5459589024274859,0.4471180330575481,-0.4315077385743837,-3.209063780686068,-0.39040650501256136,-0.5492698442545578,0.4756387871147007,-1.3333333333333335,-0.960768922830523,0.36927447293799814,-0.978854174115641,2.7080128015453204,-0.6824590265975754,-0.2294157338705618,-0.48047944607102266,-1.5275252316519468,-0.16552117772047373,0.0,0.0,0.0,1.0,0.0,0.0,1.0,0.0,0.0,0.0,0.0,0.0,1.0,0.0,0.0,0.0,1.0,0.0,1.0,0.0,0.0,0.0,0.0
1.073568412810723,0.40967710850781935,-0.26685783438917954,0.7017720012156086,2.1233989195036016,-0.2250100313901429,1.191471591675038,1.4183299848682092,0.1874788208826933,-1.3874711470552252,0.20183245136418243,-0.39040650501256136,1.066229697670612,0.24481620313425753,0.75,1.0408329997330665,0.36927447293799814,1.308188288771371,-0.3692744729379982,1.689724755693462,-0.2294157338705618,-0.5933362087445709,0.6546536707079773,-0.16552117772047373,0.0,0.0,1.0,0.0,0.0,0.0,1.0,0.0,0.0,0.0,0.0,1.0,0.0,0.0,0.0,0.0,1.0,0.0,0.0,0.0,0.0,1.0,0.0
0.014125900168562546,-0.7738231996992926,-0.26685783438917954,1.4975446461092825,1.3281184253074962,-0.22205710426527497,-0.5433360617095754,-0.9994511602833653,0.4865554764542168,0.006057611489874337,-2.334683086021731,-0.3930474202869479,-1.985269437076931,0.8795783090804763,0.75,1.0408329997330665,-2.70801280154532,-1.3447809681775629,-0.3692744729379982,1.689724755693462,-0.2294157338705618,-0.4818131212913647,0.6546536707079773,-0.16552117772047373,0.0,0.0,0.0,1.0,0.0,0.0,0.0,0.0,1.0,0.0,0.0,0.0,1.0,0.0,0.0,0.0,1.0,0.0,0.0,0.0,0.0,1.0,0.0
1.073568412810723,-0.7656810804556295,-0.26685783438917954,0.9603981108060525,1.3281184253074962,-0.22439562993886342,-0.5859761251560108,-1.6240250804178975,-1.0492583988603628,-0.7909593458905118,-0.386006021797777,-0.3930474202869479,-1.446769589768541,1.2113857735523634,-1.3333333333333335,-0.960768922830523,0.36927447293799814,-1.3447809681775629,-0.3692744729379982,1.689724755693462,4.358898943540674,-0.32307721800523853,0.6546536707079773,-0.16552117772047373,0.0,0.0,0.0,1.0,0.0,0.0,1.0,0.0,0.0,0.0,0.0,1.0,0.0,0.0,0.0,0.0,1.0,0.0,0.0,0.0,0.0,1.0,0.0
0.7204209085966695,0.6355756523583125,-0.26685783438917954,2.8006223521226734,-1.0577230572808198,-0.22482421749184925,-0.5669333728853273,0.9094468534444539,-0.20347079748276656,1.3165165714762446,0.7210754808215047,-0.3798428439150152,0.16872995215662875,-1.21225135824229,0.75,1.0408329997330665,0.36927447293799814,-0.06403718896083627,-0.3692744729379982,-0.6824590265975754,-0.2294157338705618,-0.0002264625979241258,0.6546536707079773,-0.16552117772047373,0.0,0.0,0.0,0.0,1.0,0.0,0.0,1.0,0.0,0.0,0.0,0.0,0.0,1.0,0.0,0.0,1.0,0.0,0.0,0.0,1.0,0.0,0.0
1.073568412810723,-0.9910826090246188,-0.26685783438917954,1.5373332783539662,-0.26244256308471453,-0.22250626132668333,-0.09309730201460578,-0.8212248101073036,0.3344684407022642,-1.3156507972523792,-1.3597695727437347,-0.34551094534799026,0.16872995215662875,1.1536801275572526,-1.3333333333333335,1.0408329997330665,0.36927447293799814,1.12522489174041,-0.3692744729379982,1.689724755693462,-0.2294157338705618,-0.48849360525578245,0.6546536707079773,-0.16552117772047373,0.0,0.0,1.0,0.0,0.0,0.0,1.0,0.0,0.0,0.0,0.0,1.0,0.0,0.0,0.0,0.0,1.0,0.0,0.0,0.0,1.0,0.0,0.0
-0.3390216040454913,0.9920404538152373,-0.26685783438917954,-0.4520983338802184,1.3281184253074962,-0.2232165271671268,0.18300526084043695,0.9868346107577439,2.708657943020926,0.9797469563826717,0.3547770493041333,0.1034446512977205,-1.2672696406657444,-1.111266477750846,-1.3333333333333335,-0.960768922830523,0.36927447293799814,1.12522489174041,2.7080128015453204,-0.1350319999150283,-0.2294157338705618,3.390185742744546,-1.5275252316519468,-0.16552117772047373,0.0,0.0,1.0,0.0,0.0,0.0,0.0,1.0,0.0,0.0,0.0,0.0,1.0,0.0,0.0,0.0,1.0,0.0,0.0,0.0,1.0,0.0,0.0
0.367273404382616,-0.7906949964332551,-0.4263800240325832,-0.7206716015318333,-1.0577230572808198,-0.22373852910276246,1.7658389980289302,-0.18023530508813415,0.1272491204082114,0.2410216765388992,0.9911963864881128,-0.3930474202869479,0.34822990125942543,0.6920349595963662,-1.3333333333333335,-0.960768922830523,0.36927447293799814,0.39337130361656614,-0.3692744729379982,-0.1350319999150283,-0.2294157338705618,-0.790700523316423,0.6546536707079773,-0.16552117772047373,0.0,0.0,1.0,0.0,0.0,0.0,1.0,0.0,0.0,0.0,0.0,0.0,0.0,1.0,0.0,0.0,1.0,0.0,0.0,0.0,1.0,0.0,0.0
-0.6921691082595448,-1.3160932676939383,-0.26685783438917954,-0.3128381210238255,-1.0577230572808198,-0.2204902287998069,-0.5379009599636709,-0.8055909197409824,-1.1788234650678435,-2.154116405392014,-2.952864677277198,1.1915017443449725,-0.010769996946167888,-1.4863531767190663,-1.3333333333333335,1.0408329997330665,0.36927447293799814,-1.3447809681775629,-0.3692744729379982,-0.6824590265975754,-0.2294157338705618,-0.3901307517210533,0.6546536707079773,-0.16552117772047373,0.0,0.0,0.0,1.0,0.0,0.0,1.0,0.0,0.0,0.0,0.0,0.0,1.0,0.0,0.0,0.0,1.0,0.0,1.0,0.0,0.0,0.0,0.0
0.367273404382616,1.357434752619483,4.3364967810347546,-0.5714642306142695,-0.26244256308471453,1.5670326083926247,0.1186254609808404,1.0900182871754638,0.1487204887711746,0.8454797083104494,-1.8816687687693379,0.2275676691938876,2.1432293922873917,-1.3853682962276224,0.75,-0.960768922830523,0.36927447293799814,-0.4299639830227582,-0.3692744729379982,0.7773463778892169,-0.2294157338705618,-0.6107974732312181,0.6546536707079773,-0.16552117772047373,0.0,0.0,1.0,0.0,0.0,0.0,1.0,0.0,0.0,0.0,0.0,0.0,0.0,1.0,0.0,0.0,1.0,0.0,1.0,0.0,0.0,0.0,0.0
1.073568412810723,-1.24334918854419,-0.26685783438917954,2.452471819981691,0.5328379311113908,-0.2188951744309651,0.648709696980061,-0.9939792986551529,-1.0083797446957958,-0.09703818068066278,0.30571144790053734,-0.35079277589676333,-1.0877696915629478,-2.553907627628616,0.75,1.0408329997330665,0.36927447293799814,0.39337130361656614,-0.3692744729379982,-0.6824590265975754,-0.2294157338705618,2.6966558647415786,-1.5275252316519468,-0.16552117772047373,0.0,0.0,1.0,0.0,0.0,0.0,0.0,0.0,0.0,0.0,1.0,0.0,0.0,0.0,0.0,1.0,1.0,0.0,1.0,0.0,0.0,0.0,0.0
0.7204209085966695,-1.0886148254909984,5.521518761242896,-0.7306187595930043,-0.26244256308471453,-0.22119879362535727,-0.5365204173621734,1.4714852121137012,-0.5555903368574945,1.1231894105703395,0.5767088074298649,-0.32966545370167105,0.7072297994650187,1.2402385965499187,0.75,-0.960768922830523,0.36927447293799814,-1.3447809681775629,-0.3692744729379982,1.689724755693462,-0.2294157338705618,-0.733978509004431,0.6546536707079773,-0.16552117772047373,0.0,0.0,0.0,1.0,0.0,0.0,1.0,0.0,0.0,0.0,0.0,0.0,0.0,1.0,0.0,0.0,1.0,0.0,1.0,0.0,0.0,0.0,0.0
0.7204209085966695,1.3279962072395946,2.4450193895486825,-0.8101960240823717,-0.26244256308471453,-0.2246978853443064,-0.5614469576084978,0.10195641602396362,-0.015425642983817538,-1.377434242944987,0.9969938284808013,-0.3349472842504441,0.5277298503622221,1.0815480700633642,0.75,1.0408329997330665,0.36927447293799814,-1.3447809681775629,2.7080128015453204,1.689724755693462,-0.2294157338705618,-0.5993331761718467,0.6546536707079773,-0.16552117772047373,0.0,0.0,0.0,1.0,0.0,0.0,1.0,0.0,0.0,0.0,0.0,0.0,1.0,0.0,0.0,0.0,1.0,0.0,0.0,0.0,1.0,0.0,0.0
1.073568412810723,0.9716407872285355,-0.26685783438917954,-0.5416227564307567,-1.0577230572808198,6.924977546596926,-0.529681912657104,2.544751785761652,0.37700487181154246,-0.5460551925434363,0.8334787087629302,-0.38248375918940175,0.5277298503622221,-0.9092967167679584,0.75,-0.960768922830523,0.36927447293799814,-1.3447809681775629,-0.3692744729379982,-0.6824590265975754,-0.2294157338705618,0.1784996321420644,-1.5275252316519468,-0.16552117772047373,0.0,0.0,0.0,0.0,0.0,1.0,1.0,0.0,0.0,0.0,0.0,0.0,1.0,0.0,0.0,0.0,1.0,0.0,1.0,0.0,0.0,0.0,0.0
0.014125900168562546,1.3570624903856479,1.0321085669928216,-0.511781282247244,-1.0577230572808198,-0.22345177069897523,1.842125642691924,-1.202691735045541,-0.40058925324287864,-0.5127756352270251,0.2625773391272911,-0.39040650501256136,0.5277298503622221,0.8507254860829209,0.75,1.0408329997330665,0.36927447293799814,-1.1618175711466021,-0.3692744729379982,-0.6824590265975754,-0.2294157338705618,2.6229358411349573,0.6546536707079773,-0.16552117772047373,0.0,0.0,1.0,0.0,0.0,0.0,0.0,1.0,0.0,0.0,0.0,0.0,0.0,1.0,0.0,0.0,1.0,0.0,0.0,0.0,0.0,1.0,0.0
-0.3390216040454913,-0.9404630864462759,-0.26685783438917954,-0.3128381210238255,-0.26244256308471453,-0.2209828027712221,1.2226084201645073,-0.3576799607458798,-0.27354828921539964,0.355503217045437,-0.25260619173072274,-0.3930474202869479,0.34822990125942543,0.46121237561592304,0.75,-0.960768922830523,0.36927447293799814,0.8507797961939685,2.7080128015453204,-0.6824590265975754,-0.2294157338705618,-0.6082692740266696,-1.5275252316519468,-4.303550620732313,0.0,0.0,1.0,0.0,0.0,0.0,1.0,0.0,0.0,0.0,0.0,1.0,0.0,0.0,0.0,0.0,0.0,1.0,0.0,0.0,1.0,0.0,0.0
-1.7516116209017056,-0.13039155974278865,-0.26685783438917954,0.2342555723405752,-1.0577230572808198,-0.21798721916985894,0.9018698217964112,-1.1948747898623804,0.3422730740133168,-1.43765102337787,-0.29099801102386397,-0.38248375918940175,-0.9082697424601511,-1.7748814066946204,0.75,1.0408329997330665,0.36927447293799814,0.8507797961939685,-0.3692744729379982,-0.6824590265975754,-0.2294157338705618,-0.7929862897250843,0.6546536707079773,-0.16552117772047373,0.0,0.0,1.0,0.0,0.0,0.0,1.0,0.0,0.0,0.0,0.0,0.0,0.0,0.0,0.0,1.0,1.0,0.0,0.0,1.0,0.0,0.0,0.0
0.7204209085966695,1.3802404198628735,-0.26685783438917954,1.557227594476308,1.3281184253074962,-0.22029195249386466,-0.5590837121149198,-0.8978308729022775,0.04014530394838542,-1.39062325514192,0.13940468548101975,-0.35079277589676333,-0.5492698442545578,2.3943515164521347,-1.3333333333333335,1.0408329997330665,0.36927447293799814,-0.5214456815382387,-0.3692744729379982,-0.6824590265975754,-0.2294157338705618,-0.2423293468594211,0.6546536707079773,-0.16552117772047373,0.0,0.0,0.0,1.0,0.0,0.0,1.0,0.0,0.0,0.0,0.0,1.0,0.0,0.0,0.0,0.0,1.0,0.0,0.0,0.0,0.0,1.0,0.0
0.7204209085966695,1.018804042271167,-0.26685783438917954,1.9650610749843158,2.1233989195036016,-0.22372927304313495,1.9535675200590588,0.5178178997681077,-0.08601754418963371,0.07252489548401955,0.4036749024391246,-0.35343369117114987,-0.5492698442545578,-0.7650326017801814,-1.3333333333333335,-0.960768922830523,0.36927447293799814,1.308188288771371,-0.3692744729379982,-0.1350319999150283,-0.2294157338705618,0.9912933782320817,-1.5275252316519468,-0.16552117772047373,0.0,0.0,1.0,0.0,0.0,0.0,1.0,0.0,0.0,0.0,0.0,1.0,0.0,0.0,0.0,0.0,1.0,0.0,0.0,0.0,0.0,1.0,0.0
-1.398464116687652,-0.8289860835844506,-0.26685783438917954,-0.5217284403084149,0.5328379311113908,-0.21976279290747783,-0.5440454330438427,-1.0150850506496865,2.022948903570041,0.15662874872113292,-0.2828851606737368,-0.3956883355613344,0.5277298503622221,-1.255530592738623,0.75,-0.960768922830523,0.36927447293799814,-0.06403718896083627,-0.3692744729379982,-0.6824590265975754,-0.2294157338705618,-0.393316824204511,-1.5275252316519468,-0.16552117772047373,0.0,0.0,0.0,0.0,1.0,0.0,0.0,1.0,0.0,0.0,0.0,0.0,1.0,0.0,0.0,0.0,1.0,0.0,1.0,0.0,0.0,0.0,0.0
-1.398464116687652,0.8524509679327681,-0.563113329441215,-0.7206716015318333,-0.26244256308471453,-0.22494267106134444,1.8813507129832037,1.2909137783826914,0.20327401230207126,-0.3448795596778113,0.8820384383804938,-0.3270245384272845,0.34822990125942543,0.9661367780731425,0.75,1.0408329997330665,0.36927447293799814,-0.978854174115641,-0.3692744729379982,-0.1350319999150283,-0.2294157338705618,-0.5071312585549638,0.6546536707079773,-0.16552117772047373,0.0,0.0,1.0,0.0,0.0,0.0,0.0,0.0,0.0,0.0,1.0,0.0,0.0,0.0,1.0,0.0,1.0,0.0,1.0,0.0,0.0,0.0,0.0
1.073568412810723,-0.9288632183867703,-0.40359113979781125,-0.8101960240823717,-0.26244256308471453,-0.2257649426810619,-0.5569296391633225,1.557471609128468,0.20069264159820083,0.24565082703042346,-0.4074675316629693,-0.36135643699430947,0.7072297994650187,-0.34666666831562815,0.75,-0.960768922830523,0.36927447293799814,-0.978854174115641,-0.3692744729379982,-0.6824590265975754,-0.2294157338705618,0.33587485080157503,0.6546536707079773,-0.16552117772047373,0.0,0.0,0.0,0.0,0.0,1.0,0.0,1.0,0.0,0.0,0.0,0.0,0.0,1.0,0.0,0.0,1.0,0.0,1.0,0.0,0.0,0.0,0.0
-1.7516116209017056,0.26993805082789274,-0.26685783438917954,-0.09400064367806524,1.3281184253074962,-0.22516755295256158,-0.5565823416362871,-1.0119582725764222,1.3914545420720843,-0.29533933012668995,0.8556048711798244,-0.3191017926041249,-1.446769589768541,2.2933666359606906,0.75,1.0408329997330665,-2.70801280154532,1.308188288771371,-0.3692744729379982,1.689724755693462,-0.2294157338705618,-0.39269357586829895,0.6546536707079773,-0.16552117772047373,0.0,0.0,0.0,1.0,0.0,0.0,1.0,0.0,0.0,0.0,0.0,1.0,0.0,0.0,0.0,0.0,1.0,0.0,1.0,0.0,0.0,0.0,0.0
-1.7516116209017056,-1.3941685957982004,-0.31243560285872346,-0.6609886531648078,-1.0577230572808198,-0.22425321647763452,-0.5282678368627172,2.039777126929477,0.41773836797310576,-0.07828958296784684,0.7614470462776758,-0.35079277589676333,1.2457296467734087,-0.4765043718046274,0.75,-0.960768922830523,0.36927447293799814,0.39337130361656614,-0.3692744729379982,-0.6824590265975754,-0.2294157338705618,0.10663112792029479,0.6546536707079773,-0.16552117772047373,0.0,0.0,0.0,0.0,0.0,1.0,1.0,0.0,0.0,0.0,0.0,0.0,0.0,0.0,0.0,1.0,1.0,0.0,0.0,0.0,1.0,0.0,0.0
0.367273404382616,1.4004229551547283,-0.26685783438917954,-0.6112528628589532,0.5328379311113908,-0.2264033665189551,-0.5485512887217857,1.7841630194401255,-0.11703057187345489,-0.04614885397740407,0.1779621060799627,-0.3956883355613344,-0.7287697933573545,-1.457500353721511,0.75,-0.960768922830523,0.36927447293799814,-0.06403718896083627,-0.3692744729379982,-0.6824590265975754,-0.2294157338705618,-0.6606593836485011,0.6546536707079773,-0.16552117772047373,0.0,0.0,0.0,0.0,1.0,0.0,1.0,0.0,0.0,0.0,0.0,0.0,0.0,1.0,0.0,0.0,1.0,0.0,0.0,1.0,0.0,0.0,0.0
-1.7516116209017056,-0.9336854569293962,-0.26685783438917954,-0.4322040177578766,-0.26244256308471453,-0.22356623052167568,-0.6655351337723296,-0.9064295126037542,-0.5035890197117336,1.0944546223728324,0.27105266661398764,4.4530321082123425,0.34822990125942543,0.6776085480975885,-1.3333333333333335,1.0408329997330665,0.36927447293799814,0.8507797961939685,2.7080128015453204,-0.6824590265975754,-0.2294157338705618,-0.5607140831696406,0.6546536707079773,-0.16552117772047373,0.0,0.0,1.0,0.0,0.0,0.0,0.0,0.0,0.0,0.0,1.0,0.0,1.0,0.0,0.0,0.0,1.0,0.0,1.0,0.0,0.0,0.0,0.0
-1.398464116687652,-0.5464572224936907,-0.7910021717889344,-0.8599318143882263,-1.0577230572808198,-0.22124881051405373,-0.5699524849490952,-0.5960967888322782,-0.8658582447140941,0.25584223051746646,0.10083395742051504,-0.3930474202869479,2.3227293413901884,1.0238424240682533,0.75,-0.960768922830523,0.36927447293799814,-0.06403718896083627,2.7080128015453204,1.689724755693462,-0.2294157338705618,-0.9449078328363967,0.6546536707079773,-0.16552117772047373,0.0,0.0,0.0,0.0,1.0,0.0,0.0,0.0,0.0,0.0,1.0,0.0,0.0,1.0,0.0,0.0,1.0,0.0,1.0,0.0,0.0,0.0,0.0
0.7204209085966695,-1.2331410131974332,3.607252485522052,-0.6808829692871496,-1.0577230572808198,2.0670234814975856,0.08478155926008527,-0.9736552411789353,0.18188113276813547,1.0395968977880017,-0.388783347660642,-0.3930474202869479,-0.3697698951517612,-1.0968400662520685,0.75,-0.960768922830523,0.36927447293799814,0.39337130361656614,-0.3692744729379982,-0.6824590265975754,-0.2294157338705618,-0.15592351182895312,0.6546536707079773,-0.16552117772047373,0.0,0.0,1.0,0.0,0.0,0.0,0.0,0.0,0.0,1.0,0.0,0.0,0.0,1.0,0.0,0.0,1.0,0.0,0.0,0.0,0.0,1.0,0.0
1.073568412810723,0.28419361535166243,0.0749754291323997,-0.6908301273483206,-0.26244256308471453,-0.2259753511777474,-0.5480822414760307,-0.9564579617759821,-0.030905568814595698,0.10001481030356267,-0.4292511313356305,-0.38248375918940175,0.5277298503622221,-0.6640477212887375,-1.3333333333333335,-0.960768922830523,0.36927447293799814,0.8507797961939685,-0.3692744729379982,1.689724755693462,4.358898943540674,-0.247895698990118,0.6546536707079773,-0.16552117772047373,0.0,0.0,0.0,0.0,0.0,1.0,1.0,0.0,0.0,0.0,0.0,1.0,0.0,0.0,0.0,0.0,1.0,0.0,1.0,0.0,0.0,0.0,0.0
-0.3390216040454913,0.5494619451047489,-0.26685783438917954,2.721045087633306,-1.0577230572808198,-0.031229853908960357,-0.5488387377893563,-0.4452297467972786,1.309316590088869,1.2737093886503448,0.8586854404791499,1.1466061846804014,-0.7287697933573545,-0.21682896482662883,-1.3333333333333335,-0.960768922830523,0.36927447293799814,-0.06403718896083627,-0.3692744729379982,-0.6824590265975754,-0.2294157338705618,1.9425058825991828,0.6546536707079773,3.9725082652913657,0.0,0.0,0.0,0.0,1.0,0.0,0.0,0.0,1.0,0.0,0.0,0.0,0.0,0.0,0.0,1.0,1.0,0.0,0.0,0.0,1.0,0.0,0.0
0.7204209085966695,1.2231452949322876,-0.26685783438917954,-0.7803545498988589,-1.0577230572808198,-0.22514909565304686,-0.5721204483689617,-0.10362924229316024,-0.0800667041646173,0.22805601400638847,0.16091095452226165,1.0172013362354613,1.4252295958762053,-0.8515910707728476,0.75,1.0408329997330665,0.36927447293799814,1.308188288771371,-0.3692744729379982,-0.6824590265975754,-0.2294157338705618,-0.7821195734609294,-1.5275252316519468,-0.16552117772047373,0.0,0.0,0.0,0.0,0.0,1.0,0.0,1.0,0.0,0.0,0.0,0.0,0.0,0.0,0.0,1.0,1.0,0.0,0.0,0.0,0.0,1.0,0.0
1.073568412810723,1.301590037318342,-0.26685783438917954,-0.14373643398391986,-1.0577230572808198,-0.22531315204211083,0.9864432987983521,-0.9228450974883915,0.9039163026791384,-0.30390269670653164,-0.3781075183683704,-0.35871552171992294,0.8867297485678154,-1.3420890617312893,0.75,-0.960768922830523,0.36927447293799814,-0.06403718896083627,-0.3692744729379982,-0.6824590265975754,-0.2294157338705618,-0.3963488725313719,0.6546536707079773,-0.16552117772047373,0.0,0.0,1.0,0.0,0.0,0.0,0.0,1.0,0.0,0.0,0.0,0.0,1.0,0.0,0.0,0.0,1.0,0.0,0.0,0.0,1.0,0.0,0.0
0.014125900168562546,-0.7060117595657658,-0.26685783438917954,1.4975446461092825,1.3281184253074962,-0.22491408714916297,-0.5523449413760115,0.9133553260360342,-1.9489713974736231,0.6044522025082318,-0.48368014423688765,-0.2979744704090327,-1.6262695388713377,3.0291136223983535,-1.3333333333333335,-0.960768922830523,0.36927447293799814,-0.06403718896083627,2.7080128015453204,1.689724755693462,-0.2294157338705618,-0.7734958361011615,-1.5275252316519468,3.9725082652913657,0.0,0.0,0.0,1.0,0.0,0.0,0.0,0.0,0.0,1.0,0.0,0.0,0.0,1.0,0.0,0.0,1.0,0.0,0.0,0.0,1.0,0.0,0.0
0.367273404382616,0.2344024850349233,1.3967307147491728,-0.8002488660212007,-0.26244256308471453,-0.22331048405780507,-0.5432073757791293,-0.6304913476381849,0.6019972554035444,-0.1617664724603537,0.6118371013451251,-0.36663826754308254,0.7072297994650187,-0.303387433819295,-1.3333333333333335,-0.960768922830523,0.36927447293799814,1.308188288771371,-0.3692744729379982,1.689724755693462,-0.2294157338705618,1.392693916314004,-1.5275252316519468,-0.16552117772047373,0.0,0.0,0.0,1.0,0.0,0.0,1.0,0.0,0.0,0.0,0.0,0.0,0.0,1.0,0.0,0.0,1.0,0.0,1.0,0.0,0.0,0.0,0.0
-0.6921691082595448,-1.282792419248897,0.1661309660714875,-0.8101960240823717,-1.0577230572808198,-0.22272506984348195,-0.5790193757356937,1.9006355026692183,-0.304383821654004,-1.5454149597357039,-0.18965536913731176,-0.3798428439150152,-0.3697698951517612,-0.24568178782418423,-1.3333333333333335,-0.960768922830523,0.36927447293799814,0.39337130361656614,-0.3692744729379982,-0.6824590265975754,-0.2294157338705618,-0.029170651320589824,0.6546536707079773,-0.16552117772047373,0.0,0.0,0.0,1.0,0.0,0.0,1.0,0.0,0.0,0.0,0.0,0.0,0.0,1.0,0.0,0.0,1.0,0.0,0.0,0.0,1.0,0.0,0.0
1.073568412810723,1.0098808854712447,-0.26685783438917954,0.9504509527448816,0.5328379311113908,-0.22387460588743727,-0.571106231687406,0.4654443670409317,-2.2132596555620934,-0.2926007904142486,-2.8482106934966622,0.2803859746816183,-1.0877696915629478,1.0526952470658086,0.75,-0.960768922830523,0.36927447293799814,-1.3447809681775629,-0.3692744729379982,-0.6824590265975754,-0.2294157338705618,-0.22089519815633746,-1.5275252316519468,-0.16552117772047373,0.0,0.0,0.0,1.0,0.0,0.0,1.0,0.0,0.0,0.0,0.0,0.0,1.0,0.0,0.0,0.0,1.0,0.0,0.0,0.0,1.0,0.0,0.0
0.367273404382616,0.5737767414997652,-0.26685783438917954,0.7813492657049759,1.3281184253074962,-0.2223254102458453,0.7720032664389223,-0.7555624705687546,-1.1601313594312104,-1.1262535080700795,-0.34475332174163825,-0.36135643699430947,-1.6262695388713377,-0.8371646592740699,0.75,1.0408329997330665,0.36927447293799814,-0.06403718896083627,-0.3692744729379982,-0.6824590265975754,-0.2294157338705618,-0.7727311558853972,-1.5275252316519468,-0.16552117772047373,0.0,0.0,1.0,0.0,0.0,0.0,1.0,0.0,0.0,0.0,0.0,0.0,0.0,1.0,0.0,0.0,1.0,0.0,0.0,0.0,0.0,1.0,0.0
1.073568412810723,-0.8370578702290331,0.18891985030625943,-0.8101960240823717,-0.26244256308471453,-0.225113761346878,-0.5314885962416331,-0.43272263450422166,-1.7584388544481249,0.5538495411312949,0.3178138865301394,-0.3956883355613344,-0.5492698442545578,0.4323595526183676,0.75,-0.960768922830523,0.36927447293799814,-0.06403718896083627,-0.3692744729379982,-0.1350319999150283,-0.2294157338705618,-0.44070936464792765,0.6546536707079773,-0.16552117772047373,0.0,0.0,0.0,0.0,1.0,0.0,1.0,0.0,0.0,0.0,0.0,0.0,0.0,1.0,0.0,0.0,1.0,0.0,1.0,0.0,0.0,0.0,0.0
-1.7516116209017056,1.4725449209194605,-0.26685783438917954,-0.5515699144919277,0.5328379311113908,-0.22195434054101246,-0.5460531110982442,0.39118338780090595,-0.5262351292368116,-2.122487745400313,-0.4299045127463664,-0.3956883355613344,-0.5492698442545578,-0.5342100177997382,-1.3333333333333335,1.0408329997330665,0.36927447293799814,-0.06403718896083627,-0.3692744729379982,-0.6824590265975754,-0.2294157338705618,1.8054313061540506,0.6546536707079773,-0.16552117772047373,0.0,0.0,0.0,0.0,1.0,0.0,0.0,0.0,0.0,0.0,1.0,0.0,1.0,0.0,0.0,0.0,1.0,0.0,0.0,0.0,1.0,0.0,0.0
1.073568412810723,1.8560428712735406,3.2882081062352446,-0.8201431821435425,-0.26244256308471453,-0.22409371181167279,-0.5656777165685882,-0.5374696999585737,-0.11894850475133535,-1.905576240883567,-0.006471753906826422,-0.30325630095780576,1.066229697670612,1.9038535254936928,-1.3333333333333335,1.0408329997330665,-2.70801280154532,1.3996699872868514,-0.3692744729379982,-0.6824590265975754,4.358898943540674,-0.5945391866685374,0.6546536707079773,-0.16552117772047373,0.0,0.0,0.0,0.0,0.0,1.0,1.0,0.0,0.0,0.0,0.0,0.0,0.0,1.0,0.0,0.0,1.0,0.0,1.0,0.0,0.0,0.0,0.0
1.073568412810723,-0.875291684492035,-0.26685783438917954,2.1441099200853926,-1.0577230572808198,-0.22581677851832657,0.16072816266281711,-0.11613635458621721,0.19661040635798832,0.514513240341379,0.8705933879634602,-0.3138199620553519,-0.010769996946167888,0.5910500791049224,0.75,1.0408329997330665,0.36927447293799814,1.12522489174041,-0.3692744729379982,-0.1350319999150283,-0.2294157338705618,0.02826063955308388,0.6546536707079773,-0.16552117772047373,0.0,0.0,1.0,0.0,0.0,0.0,1.0,0.0,0.0,0.0,0.0,0.0,0.0,1.0,0.0,0.0,1.0,0.0,1.0,0.0,0.0,0.0,0.0
0.014125900168562546,-1.1506509924229664,-0.26685783438917954,-0.10394780173923616,1.3281184253074962,-0.2243560782998258,-0.5734530467028993,2.2805390385708235,-0.09238307111202486,0.1520107259117616,0.20215657638251427,1.57443445913102,0.34822990125942543,-0.20240255332785112,0.75,1.0408329997330665,0.36927447293799814,0.759298097678488,-0.3692744729379982,-0.6824590265975754,-0.2294157338705618,-0.589576680102444,0.6546536707079773,-0.16552117772047373,0.0,0.0,0.0,1.0,0.0,0.0,1.0,0.0,0.0,0.0,0.0,0.0,1.0,0.0,0.0,0.0,1.0,0.0,0.0,0.0,0.0,1.0,0.0
1.073568412810723,-0.2377179655361761,-0.26685783438917954,-0.4719926500025603,0.5328379311113908,-0.22148980525100898,1.1586677967755528,-0.22322850359551746,0.1486854206509751,1.103832953239096,0.7485952150537324,-0.35871552171992294,-0.7287697933573545,-0.4620779603058497,0.75,-0.960768922830523,0.36927447293799814,-1.3447809681775629,2.7080128015453204,1.689724755693462,4.358898943540674,-0.8738063691404633,0.6546536707079773,-0.16552117772047373,0.0,0.0,1.0,0.0,0.0,0.0,1.0,0.0,0.0,0.0,0.0,0.0,0.0,1.0,0.0,0.0,1.0,0.0,1.0,0.0,0.0,0.0,0.0
-0.3390216040454913,-1.0826467572557532,-0.26685783438917954,1.557227594476308,4.509240402091917,-0.22626916304354974,1.1358484466533616,1.4394357368627428,-1.8088919886927919,-0.5781785561650361,0.6618351711575781,-0.3930474202869479,-1.446769589768541,0.7353141940926993,0.75,1.0408329997330665,0.36927447293799814,-0.5214456815382387,-0.3692744729379982,-0.6824590265975754,-0.2294157338705618,-0.1839525159638716,-1.5275252316519468,-0.16552117772047373,0.0,0.0,1.0,0.0,0.0,0.0,0.0,1.0,0.0,0.0,0.0,1.0,0.0,0.0,0.0,0.0,1.0,0.0,0.0,0.0,1.0,0.0,0.0
-1.7516116209017056,0.9498865696628084,-0.26685783438917954,-0.7206716015318333,-1.0577230572808198,-0.22460595436583616,1.501702433819426,-0.42646907835769315,-0.8444403882951208,1.0060759081941921,-0.9870007823753828,-0.363997352268696,-0.5492698442545578,-0.9958551857606246,-1.3333333333333335,-0.960768922830523,0.36927447293799814,1.12522489174041,-0.3692744729379982,1.689724755693462,-0.2294157338705618,-0.2756271722281309,-1.5275252316519468,-0.16552117772047373,0.0,0.0,1.0,0.0,0.0,0.0,1.0,0.0,0.0,0.0,0.0,0.0,0.0,0.0,0.0,1.0,1.0,0.0,0.0,0.0,0.0,1.0,0.0
-1.7516116209017056,-0.009020120289864321,-0.26685783438917954,-0.5515699144919277,-1.0577230572808198,-0.22117424857694584,1.9380694037826343,-0.5054202247076153,0.515607264601462,0.7763000980562453,-0.28628789108507546,4.4583139387611155,0.34822990125942543,0.4900651986134784,0.75,-0.960768922830523,0.36927447293799814,0.942261494709449,-0.3692744729379982,1.689724755693462,-0.2294157338705618,2.3197056086077232,-1.5275252316519468,-0.16552117772047373,0.0,0.0,1.0,0.0,0.0,0.0,1.0,0.0,0.0,0.0,0.0,0.0,0.0,1.0,0.0,0.0,1.0,0.0,0.0,0.0,1.0,0.0,0.0
0.7204209085966695,1.2772973929652196,-0.31243560285872346,-0.7903017079600299,0.5328379311113908,-0.22391008356852588,-0.5669394887312499,1.7872897975133897,-1.5589632879544197,1.274820313106395,0.87926305966834,0.15626295678545118,-0.7287697933573545,0.04284644215136975,0.75,1.0408329997330665,-2.70801280154532,-0.978854174115641,-0.3692744729379982,1.689724755693462,-0.2294157338705618,-0.6720931035625051,-1.5275252316519468,-0.16552117772047373,0.0,0.0,0.0,0.0,0.0,1.0,1.0,0.0,0.0,0.0,0.0,0.0,0.0,0.0,1.0,0.0,1.0,0.0,1.0,0.0,0.0,0.0,0.0
0.367273404382616,-0.8577222155092262,-0.26685783438917954,0.9007151624390269,-0.26244256308471453,-0.22592832971521234,0.7554087059718275,-0.36706029496567255,0.337981679752193,-1.6583450111667897,0.23696837423196965,1.3552384913569375,0.7072297994650187,-0.736179778782626,0.75,-0.960768922830523,0.36927447293799814,-1.2532992696620824,-0.3692744729379982,-0.6824590265975754,-0.2294157338705618,-0.652276590870946,-1.5275252316519468,-0.16552117772047373,0.0,0.0,1.0,0.0,0.0,0.0,0.0,1.0,0.0,0.0,0.0,0.0,0.0,1.0,0.0,0.0,1.0,0.0,0.0,0.0,0.0,1.0,0.0
0.7204209085966695,-0.31860211974997465,2.171552778731419,-0.7803545498988589,-0.26244256308471453,-0.22307406837907617,-0.5597577161489026,-0.9775637137705157,1.0284051854509226,0.7638636273603817,-0.2661104790176394,-0.3930474202869479,-0.19026994604896452,-0.17354973033029572,0.75,1.0408329997330665,-2.70801280154532,-0.06403718896083627,-0.3692744729379982,-0.6824590265975754,-0.2294157338705618,-0.8900998108925289,0.6546536707079773,3.9725082652913657,0.0,0.0,0.0,0.0,1.0,0.0,0.0,0.0,0.0,0.0,1.0,0.0,1.0,0.0,0.0,0.0,1.0,0.0,1.0,0.0,0.0,0.0,0.0
1.073568412810723,0.9902535854168363,-0.26685783438917954,-0.7704073918376879,-0.26244256308471453,-0.21939708000671068,-0.5449945246386074,-0.009044205576916946,-0.6578617501744289,-1.367383614039051,-1.3014716093909156,-0.35871552171992294,-0.010769996946167888,-0.014859203843741045,0.75,1.0408329997330665,0.36927447293799814,-0.978854174115641,-0.3692744729379982,-0.6824590265975754,-0.2294157338705618,-0.8666915888129728,0.6546536707079773,-0.16552117772047373,0.0,0.0,0.0,0.0,0.0,1.0,0.0,1.0,0.0,0.0,0.0,0.0,0.0,1.0,0.0,0.0,1.0,0.0,1.0,0.0,0.0,0.0,0.0
-1.0453166124735984,-0.0315035394720718,-0.26685783438917954,0.1546783078512078,-1.0577230572808198,3.763222295380618,0.3881320037931064,-0.14427735724559537,-0.15456421045923097,1.4754624258367686,0.13349439892322598,-0.3930474202869479,1.2457296467734087,-1.5152059997166216,0.75,-0.960768922830523,0.36927447293799814,1.3996699872868514,-0.3692744729379982,-0.6824590265975754,-0.2294157338705618,-0.2406500589412881,0.6546536707079773,-0.16552117772047373,0.0,0.0,1.0,0.0,0.0,0.0,1.0,0.0,0.0,0.0,0.0,0.0,0.0,0.0,0.0,1.0,1.0,0.0,0.0,0.0,1.0,0.0,0.0
1.073568412810723,1.5354977180380895,-0.26685783438917954,-0.7306187595930043,-1.0577230572808198,-0.2223869241989341,-0.563989013221559,-0.5210541150739364,0.20479851991021636,0.004516087722991877,0.8176994120752512,-0.3956883355613344,-0.5492698442545578,-0.18797614182907343,0.75,-0.960768922830523,0.36927447293799814,-1.3447809681775629,-0.3692744729379982,-0.6824590265975754,-0.2294157338705618,-0.08558422998776666,0.6546536707079773,-0.16552117772047373,0.0,0.0,0.0,0.0,0.0,1.0,1.0,0.0,0.0,0.0,0.0,0.0,0.0,1.0,0.0,0.0,1.0,0.0,0.0,0.0,1.0,0.0,0.0
-1.7516116209017056,1.0499820033183689,-0.26685783438917954,2.2137400265135887,2.1233989195036016,-0.2174130769098368,-0.09435885398278068,1.0861098145838834,0.07562582524092519,0.15586398214907862,-0.5354153760672479,-0.39040650501256136,1.4252295958762053,-0.7217533672838483,0.75,1.0408329997330665,-2.70801280154532,0.8507797961939685,-0.3692744729379982,-0.6824590265975754,-0.2294157338705618,-0.6060138478241098,0.6546536707079773,-0.16552117772047373,0.0,0.0,1.0,0.0,0.0,0.0,0.0,1.0,0.0,0.0,0.0,0.0,1.0,0.0,0.0,0.0,1.0,0.0,0.0,0.0,0.0,1.0,0.0
-1.0453166124735984,-0.788293255588786,1.2372085251057692,-0.8400374982658844,-0.26244256308471453,-0.22496356667632955,-0.5474958555263757,-0.9900708260635727,-0.47192737555660397,-1.058029198699378,-3.089597728212135,-0.3930474202869479,0.34822990125942543,-0.2601081993229619,0.75,-0.960768922830523,0.36927447293799814,-0.06403718896083627,-0.3692744729379982,-0.6824590265975754,-0.2294157338705618,1.783080291886456,0.6546536707079773,-0.16552117772047373,0.0,0.0,0.0,0.0,1.0,0.0,1.0,0.0,0.0,0.0,0.0,0.0,0.0,0.0,0.0,1.0,1.0,0.0,0.0,0.0,1.0,0.0,0.0
0.014125900168562546,1.0032500966590736,-0.26685783438917954,0.045259569178327665,1.3281184253074962,-0.2235469483658055,-0.5618399128286754,2.246926174283233,1.7020611128817429,1.4327962155221188,-0.8459511800364289,-0.3956883355613344,-1.446769589768541,1.3123706540438071,-1.3333333333333335,-0.960768922830523,0.36927447293799814,-0.06403718896083627,-0.3692744729379982,0.7773463778892169,-0.2294157338705618,1.187474407267977,0.6546536707079773,-0.16552117772047373,0.0,0.0,0.0,0.0,1.0,0.0,0.0,1.0,0.0,0.0,0.0,0.0,0.0,1.0,0.0,0.0,1.0,0.0,0.0,0.0,1.0,0.0,0.0
-1.398464116687652,0.08413998648284474,-0.26685783438917954,-0.123842117861578,-0.26244256308471453,-0.21911057393795386,-0.3879947136347136,-0.8290417552904642,-0.6818412845864217,-1.377521266804461,0.18545100104274456,-0.3349472842504441,1.066229697670612,-0.4909307833034051,0.75,1.0408329997330665,-2.70801280154532,-1.3447809681775629,-0.3692744729379982,-0.6824590265975754,-0.2294157338705618,-0.5592174256812745,-1.5275252316519468,-0.16552117772047373,0.0,0.0,1.0,0.0,0.0,0.0,0.0,0.0,0.0,0.0,1.0,0.0,0.0,0.0,1.0,0.0,1.0,0.0,1.0,0.0,0.0,0.0,0.0
-0.6921691082595448,-0.9340507541428102,-0.26685783438917954,-0.10394780173923616,-1.0577230572808198,-0.22122406878447595,0.592019059911503,-0.8806335934993242,-1.4103752956417142,1.2131288480587075,0.3451378511940572,-0.39040650501256136,-0.19026994604896452,-1.2266777697410678,-1.3333333333333335,-0.960768922830523,0.36927447293799814,-1.3447809681775629,-0.3692744729379982,-0.6824590265975754,-0.2294157338705618,0.29922639188903105,-1.5275252316519468,-0.16552117772047373,0.0,0.0,0.0,0.0,0.0,1.0,1.0,0.0,0.0,0.0,0.0,0.0,0.0,0.0,0.0,1.0,1.0,0.0,0.0,0.0,1.0,0.0,0.0
-1.7516116209017056,-1.129472910483795,-0.26685783438917954,-0.5217284403084149,1.3281184253074962,-0.22405854129061667,0.5523372734727345,-0.5155822534457241,-0.708257075331857,-1.9842632498890795,0.7806374417086284,0.8059281142845385,0.16872995215662875,-0.6929005442862929,-1.3333333333333335,-0.960768922830523,0.36927447293799814,1.308188288771371,-0.3692744729379982,-0.6824590265975754,-0.2294157338705618,0.1579379497577398,0.6546536707079773,-0.16552117772047373,0.0,0.0,1.0,0.0,0.0,0.0,1.0,0.0,0.0,0.0,0.0,0.0,0.0,1.0,0.0,0.0,1.0,0.0,1.0,0.0,0.0,0.0,0.0
